{
  "compute_tier": "T4",
  "base_model": "unsloth/Qwen2.5-3B-bnb-4bit",
  "beta": 0.1,
  "lr": 5e-07,
  "epochs": 1,
  "final_train_loss": 0.8194381923675537,
  "end_chosen_reward": -0.532826167345047,
  "end_rejected_reward": -0.6163455665111541,
  "end_reward_gap": 0.08351939916610718
}